세탁기크기,가족규모
소형,1-2명
소형,1-2명
소형,1-2명
소형,1-2명
소형,1-2명
소형,1-2명
소형,1-2명
소형,1-2명
소형,1-2명
소형,1-2명
소형,1-2명
소형,1-2명
소형,1-2명
소형,1-2명
소형,1-2명
소형,1-2명
소형,1-2명
소형,1-2명
소형,1-2명
소형,1-2명
소형,1-2명
소형,1-2명
소형,1-2명
소형,1-2명
소형,1-2명
소형,3-4명
소형,3-4명
소형,3-4명
소형,3-4명
소형,3-4명
소형,3-4명
소형,3-4명
소형,3-4명
소형,3-4명
소형,3-4명
소형,3-4명
소형,3-4명
소형,3-4명
소형,3-4명
소형,3-4명
소형,3-4명
소형,3-4명
소형,3-4명
소형,3-4명
소형,3-4명
소형,3-4명
소형,3-4명
소형,3-4명
소형,3-4명
소형,3-4명
소형,3-4명
소형,3-4명
소형,3-4명
소형,3-4명
소형,3-4명
소형,3-4명
소형,3-4명
소형,3-4명
소형,3-4명
소형,3-4명
소형,3-4명
소형,3-4명
소형,5명이상
소형,5명이상
소형,5명이상
소형,5명이상
소형,5명이상
소형,5명이상
소형,5명이상
소형,5명이상
중형,1-2명
중형,1-2명
중형,1-2명
중형,1-2명
중형,1-2명
중형,1-2명
중형,1-2명
중형,1-2명
중형,1-2명
중형,1-2명
중형,3-4명
중형,3-4명
중형,3-4명
중형,3-4명
중형,3-4명
중형,3-4명
중형,3-4명
중형,3-4명
중형,3-4명
중형,3-4명
중형,3-4명
중형,3-4명
중형,3-4명
중형,3-4명
중형,3-4명
중형,3-4명
중형,3-4명
중형,3-4명
중형,3-4명
중형,3-4명
중형,3-4명
중형,3-4명
중형,3-4명
중형,3-4명
중형,3-4명
중형,3-4명
중형,3-4명
중형,3-4명
중형,3-4명
중형,3-4명
중형,3-4명
중형,3-4명
중형,3-4명
중형,3-4명
중형,3-4명
중형,3-4명
중형,3-4명
중형,3-4명
중형,3-4명
중형,3-4명
중형,3-4명
중형,3-4명
중형,3-4명
중형,3-4명
중형,3-4명
중형,3-4명
중형,3-4명
중형,3-4명
중형,3-4명
중형,3-4명
중형,3-4명
중형,3-4명
중형,3-4명
중형,3-4명
중형,3-4명
중형,3-4명
중형,3-4명
중형,3-4명
중형,3-4명
중형,3-4명
중형,3-4명
중형,3-4명
중형,5명이상
중형,5명이상
중형,5명이상
중형,5명이상
중형,5명이상
중형,5명이상
중형,5명이상
중형,5명이상
중형,5명이상
중형,5명이상
중형,5명이상
중형,5명이상
중형,5명이상
중형,5명이상
중형,5명이상
중형,5명이상
중형,5명이상
중형,5명이상
중형,5명이상
중형,5명이상
중형,5명이상
중형,5명이상
중형,5명이상
중형,5명이상
중형,5명이상
중형,5명이상
중형,5명이상
중형,5명이상
중형,5명이상
중형,5명이상
중형,5명이상
중형,5명이상
중형,5명이상
중형,5명이상
중형,5명이상
중형,5명이상
중형,5명이상
중형,5명이상
중형,5명이상
중형,5명이상
중형,5명이상
중형,5명이상
중형,5명이상
중형,5명이상
중형,5명이상
중형,5명이상
중형,5명이상
중형,5명이상
중형,5명이상
중형,5명이상
중형,5명이상
중형,5명이상
중형,5명이상
대형,1-2명
대형,1-2명
대형,1-2명
대형,1-2명
대형,1-2명
대형,3-4명
대형,3-4명
대형,3-4명
대형,3-4명
대형,3-4명
대형,3-4명
대형,3-4명
대형,3-4명
대형,3-4명
대형,3-4명
대형,3-4명
대형,3-4명
대형,3-4명
대형,3-4명
대형,3-4명
대형,3-4명
대형,3-4명
대형,3-4명
대형,3-4명
대형,3-4명
대형,3-4명
대형,3-4명
대형,3-4명
대형,3-4명
대형,3-4명
대형,3-4명
대형,3-4명
대형,3-4명
대형,3-4명
대형,3-4명
대형,3-4명
대형,3-4명
대형,3-4명
대형,3-4명
대형,3-4명
대형,3-4명
대형,3-4명
대형,3-4명
대형,3-4명
대형,3-4명
대형,3-4명
대형,5명이상
대형,5명이상
대형,5명이상
대형,5명이상
대형,5명이상
대형,5명이상
대형,5명이상
대형,5명이상
대형,5명이상
대형,5명이상
대형,5명이상
대형,5명이상
대형,5명이상
대형,5명이상
대형,5명이상
대형,5명이상
대형,5명이상
대형,5명이상
대형,5명이상
대형,5명이상
대형,5명이상
대형,5명이상
대형,5명이상
대형,5명이상
대형,5명이상
대형,5명이상
대형,5명이상
대형,5명이상
대형,5명이상
대형,5명이상
대형,5명이상
대형,5명이상
대형,5명이상
대형,5명이상
대형,5명이상
대형,5명이상
대형,5명이상
대형,5명이상
대형,5명이상
대형,5명이상
대형,5명이상
대형,5명이상
대형,5명이상
대형,5명이상
대형,5명이상
대형,5명이상
대형,5명이상
대형,5명이상
대형,5명이상
대형,5명이상
대형,5명이상
대형,5명이상
대형,5명이상
대형,5명이상
대형,5명이상
대형,5명이상
대형,5명이상
대형,5명이상
대형,5명이상
